Name,Password,Effect type,TCG status,TCG Speed Duel status,Page name,Page URL,Artwork,Modification date,Version
7 Colored Fish,23771716,,Unlimited,Not yet released,7 Colored Fish,https://yugipedia.com/wiki/7_Colored_Fish,,2023-08-14 21:44:53,Old
7 Colored Fish,23771716,,Unlimited,Unlimited,7 Colored Fish,https://yugipedia.com/wiki/7_Colored_Fish,,2023-08-24 19:15:07,New
Acid Rain,21323861,"('Effect',)",Unlimited,Not yet released,Acid Rain,https://yugipedia.com/wiki/Acid_Rain,,2023-08-15 02:59:34,Old
Acid Rain,21323861,"('Effect',)",Unlimited,Unlimited,Acid Rain,https://yugipedia.com/wiki/Acid_Rain,,2023-08-25 14:35:51,New
Airorca,84747429,"('Ignition Effect',)",Unlimited,Not yet released,Airorca,https://yugipedia.com/wiki/Airorca,,2023-08-14 21:33:01,Old
Airorca,84747429,"('Ignition Effect',)",Unlimited,Unlimited,Airorca,https://yugipedia.com/wiki/Airorca,,2023-08-24 19:18:55,New
Alchemist of Black Spells,78121572,"('Ignition Effect',)",Unlimited,Not yet released,Alchemist of Black Spells,https://yugipedia.com/wiki/Alchemist_of_Black_Spells,,2023-08-14 20:41:41,Old
Alchemist of Black Spells,78121572,"('Ignition Effect',)",Unlimited,Unlimited,Alchemist of Black Spells,https://yugipedia.com/wiki/Alchemist_of_Black_Spells,,2023-08-24 19:36:16,New
Anarchist Monk Ranshin,58324930,"('Trigger Effect',)",Unlimited,Not yet released,Anarchist Monk Ranshin,https://yugipedia.com/wiki/Anarchist_Monk_Ranshin,,2023-08-15 01:41:32,Old
Anarchist Monk Ranshin,58324930,"('Trigger Effect',)",Unlimited,Unlimited,Anarchist Monk Ranshin,https://yugipedia.com/wiki/Anarchist_Monk_Ranshin,,2023-08-24 18:47:15,New
Anti-Magic Arrows,97120394,"('Activation condition', 'Condition', 'Effect')",Unlimited,Not yet released,Anti-Magic Arrows,https://yugipedia.com/wiki/Anti-Magic_Arrows,,2023-08-15 01:48:12,Old
Anti-Magic Arrows,97120394,"('Activation condition', 'Condition', 'Effect')",Unlimited,Unlimited,Anti-Magic Arrows,https://yugipedia.com/wiki/Anti-Magic_Arrows,,2023-08-24 18:42:32,New
Barrel Behind the Door,78783370,"('Activation condition', 'Effect')",Unlimited,Not yet released,Barrel Behind the Door,https://yugipedia.com/wiki/Barrel_Behind_the_Door,"('Edited',)",2023-08-15 03:05:45,Old
Barrel Behind the Door,78783370,"('Activation condition', 'Effect')",Unlimited,Unlimited,Barrel Behind the Door,https://yugipedia.com/wiki/Barrel_Behind_the_Door,"('Edited',)",2023-08-25 14:35:48,New
Birthright,35539880,"('Continuous-like Effect', 'Effect')",Unlimited,Not yet released,Birthright,https://yugipedia.com/wiki/Birthright,,2023-08-15 01:56:23,Old
Birthright,35539880,"('Continuous-like Effect', 'Effect')",Unlimited,Unlimited,Birthright,https://yugipedia.com/wiki/Birthright,,2023-08-24 18:38:38,New
Blast Magician,21051146,"('Continuous Effect', 'Ignition Effect')",Unlimited,Not yet released,Blast Magician,https://yugipedia.com/wiki/Blast_Magician,,2023-08-14 20:43:16,Old
Blast Magician,21051146,"('Continuous Effect', 'Ignition Effect')",Unlimited,Unlimited,Blast Magician,https://yugipedia.com/wiki/Blast_Magician,,2023-08-24 19:35:23,New
Blast with Chain,98239899,"('Continuous-like Effect', 'Effect', 'Trigger Effect')",Unlimited,Not yet released,Blast with Chain,https://yugipedia.com/wiki/Blast_with_Chain,,2023-08-14 21:20:15,Old
Blast with Chain,98239899,"('Continuous-like Effect', 'Effect', 'Trigger Effect')",Unlimited,Unlimited,Blast with Chain,https://yugipedia.com/wiki/Blast_with_Chain,,2023-08-24 19:24:12,New
Book of Taiyou,38699854,"('Effect',)",Unlimited,Not yet released,Book of Taiyou,https://yugipedia.com/wiki/Book_of_Taiyou,,2023-08-15 03:00:44,Old
Book of Taiyou,38699854,"('Effect',)",Unlimited,Unlimited,Book of Taiyou,https://yugipedia.com/wiki/Book_of_Taiyou,,2023-08-25 14:36:12,New
Brain Crusher,81919143,"('Trigger Effect',)",Unlimited,Not yet released,Brain Crusher,https://yugipedia.com/wiki/Brain_Crusher,,2023-08-15 02:45:06,Old
Brain Crusher,81919143,"('Trigger Effect',)",Unlimited,Unlimited,Brain Crusher,https://yugipedia.com/wiki/Brain_Crusher,,2023-08-25 14:35:57,New
Chainsaw Insect,77252217,"('Trigger Effect',)",Unlimited,Not yet released,Chainsaw Insect,https://yugipedia.com/wiki/Chainsaw_Insect,,2023-08-14 23:24:18,Old
Chainsaw Insect,77252217,"('Trigger Effect',)",Unlimited,Unlimited,Chainsaw Insect,https://yugipedia.com/wiki/Chainsaw_Insect,,2023-08-24 19:10:25,New
Chaos Command Magician,72630549,"('Continuous Effect',)",Unlimited,Not yet released,Chaos Command Magician,https://yugipedia.com/wiki/Chaos_Command_Magician,,2023-08-15 02:46:16,Old
Chaos Command Magician,72630549,"('Continuous Effect',)",Unlimited,Unlimited,Chaos Command Magician,https://yugipedia.com/wiki/Chaos_Command_Magician,,2023-08-24 18:18:41,New
Chow Len the Prophet,95905259,"('Ignition Effect',)",Unlimited,Not yet released,Chow Len the Prophet,https://yugipedia.com/wiki/Chow_Len_the_Prophet,,2023-08-15 01:40:19,Old
Chow Len the Prophet,95905259,"('Ignition Effect',)",Unlimited,Unlimited,Chow Len the Prophet,https://yugipedia.com/wiki/Chow_Len_the_Prophet,,2023-08-24 18:47:46,New
Chow Sai the Ghost Stopper,38412161,"('Continuous Effect', 'Trigger Effect')",Unlimited,Not yet released,Chow Sai the Ghost Stopper,https://yugipedia.com/wiki/Chow_Sai_the_Ghost_Stopper,,2023-08-15 01:02:35,Old
Chow Sai the Ghost Stopper,38412161,"('Continuous Effect', 'Trigger Effect')",Unlimited,Unlimited,Chow Sai the Ghost Stopper,https://yugipedia.com/wiki/Chow_Sai_the_Ghost_Stopper,,2023-08-24 18:48:42,New
Cosmos Channelling,91654806,"('Condition', 'Ignition-like Effect', 'Trigger Effect')",Unlimited,Not yet released,Cosmos Channelling,https://yugipedia.com/wiki/Cosmos_Channelling,,2023-08-15 00:10:32,Old
Cosmos Channelling,91654806,"('Condition', 'Ignition-like Effect', 'Trigger Effect')",Unlimited,Unlimited,Cosmos Channelling,https://yugipedia.com/wiki/Cosmos_Channelling,,2023-08-24 18:58:42,New
Cross-Sword Beetle,74976215,"('Continuous Effect',)",Unlimited,Not yet released,Cross-Sword Beetle,https://yugipedia.com/wiki/Cross-Sword_Beetle,,2023-08-15 02:47:16,Old
Cross-Sword Beetle,74976215,"('Continuous Effect',)",Unlimited,Unlimited,Cross-Sword Beetle,https://yugipedia.com/wiki/Cross-Sword_Beetle,,2023-08-25 17:53:57,New
Cyber Energy Shock,38265153,"('Condition', 'Effect')",Unlimited,Not yet released,Cyber Energy Shock,https://yugipedia.com/wiki/Cyber_Energy_Shock,,2023-08-15 00:09:30,Old
Cyber Energy Shock,38265153,"('Condition', 'Effect')",Unlimited,Unlimited,Cyber Energy Shock,https://yugipedia.com/wiki/Cyber_Energy_Shock,,2023-08-24 18:58:47,New
DNA Surgery,74701381,"('Activation condition', 'Continuous-like Effect')",Unlimited,Not yet released,DNA Surgery,https://yugipedia.com/wiki/DNA_Surgery,,2023-08-14 23:45:21,Old
DNA Surgery,74701381,"('Activation condition', 'Continuous-like Effect')",Unlimited,Unlimited,DNA Surgery,https://yugipedia.com/wiki/DNA_Surgery,,2023-08-24 19:05:40,New
Dark Magician,36996508,,Unlimited,Not yet released,Dark Magician (Arkana),https://yugipedia.com/wiki/Dark_Magician_(Arkana),,2023-08-16 12:02:24,Old
Dark Magician,46986414,,Unlimited,Unlimited,Dark Magician,https://yugipedia.com/wiki/Dark_Magician,"('Alternate',)",2023-08-14 20:39:40,Old
Dark Magician,36996508,,Unlimited,Unlimited,Dark Magician (Arkana),https://yugipedia.com/wiki/Dark_Magician_(Arkana),,2023-08-24 18:43:44,New
Dark Magician,46986414,,Unlimited,Unlimited,Dark Magician,https://yugipedia.com/wiki/Dark_Magician,"('Alternate',)",2023-08-24 19:37:16,New
Dark Renewal,09287078,"('Activation condition', 'Effect')",Unlimited,Not yet released,Dark Renewal,https://yugipedia.com/wiki/Dark_Renewal,,2023-08-15 01:56:53,Old
Dark Renewal,09287078,"('Activation condition', 'Effect')",Unlimited,Unlimited,Dark Renewal,https://yugipedia.com/wiki/Dark_Renewal,,2023-08-24 18:38:07,New
Destiny End Dragoon,76263644,"('Ignition Effect', 'Summoning condition', 'Trigger Effect')",Unlimited,Unlimited,Destiny End Dragoon,https://yugipedia.com/wiki/Destiny_End_Dragoon,,2023-07-27 08:44:37,Old
Destiny End Dragoon,76263644,"('Condition', 'Ignition Effect', 'Summoning condition', 'Trigger Effect')",Unlimited,Unlimited,Destiny End Dragoon,https://yugipedia.com/wiki/Destiny_End_Dragoon,,2023-08-22 15:10:37,New
Destructotron,11232355,"('Ignition Effect', 'Trigger Effect')",Unlimited,Not yet released,Destructotron,https://yugipedia.com/wiki/Destructotron,,2023-08-14 23:58:15,Old
Destructotron,11232355,"('Ignition Effect', 'Trigger Effect')",Unlimited,Unlimited,Destructotron,https://yugipedia.com/wiki/Destructotron,,2023-08-25 22:57:23,New
Dr. Frankenderp,27995943,"('Condition', 'Trigger Effect')",Unlimited,Not yet released,Dr. Frankenderp,https://yugipedia.com/wiki/Dr._Frankenderp,,2023-08-15 00:01:40,Old
Dr. Frankenderp,27995943,"('Condition', 'Trigger Effect')",Unlimited,Unlimited,Dr. Frankenderp,https://yugipedia.com/wiki/Dr._Frankenderp,,2023-08-24 19:01:18,New
Emergency Provisions,53046408,"('Cost', 'Effect')",Unlimited,Not yet released,Emergency Provisions,https://yugipedia.com/wiki/Emergency_Provisions,,2023-08-15 02:30:10,Old
Emergency Provisions,53046408,"('Cost', 'Effect')",Unlimited,Unlimited,Emergency Provisions,https://yugipedia.com/wiki/Emergency_Provisions,,2023-08-24 18:27:39,New
Enraged Muka Muka,91862578,"('Continuous Effect',)",Unlimited,Not yet released,Enraged Muka Muka,https://yugipedia.com/wiki/Enraged_Muka_Muka,,2023-08-15 02:07:08,Old
Enraged Muka Muka,91862578,"('Continuous Effect',)",Unlimited,Unlimited,Enraged Muka Muka,https://yugipedia.com/wiki/Enraged_Muka_Muka,,2023-08-24 18:31:13,New
Exchange,05556668,"('Effect',)",Unlimited,Not yet released,Exchange,https://yugipedia.com/wiki/Exchange,"('Edited',)",2023-08-15 03:01:28,Old
Exchange,05556668,"('Effect',)",Unlimited,Unlimited,Exchange,https://yugipedia.com/wiki/Exchange,"('Edited',)",2023-08-24 18:10:29,New
Exhausting Spell,95451366,"('Effect',)",Unlimited,Not yet released,Exhausting Spell,https://yugipedia.com/wiki/Exhausting_Spell,,2023-08-15 03:07:07,Old
Exhausting Spell,95451366,"('Effect',)",Unlimited,Unlimited,Exhausting Spell,https://yugipedia.com/wiki/Exhausting_Spell,,2023-08-25 14:35:47,New
Fiend Kraken,77456781,,Not yet released,Not yet released,Fiend Kraken,https://yugipedia.com/wiki/Fiend_Kraken,,2023-08-17 05:03:43,Old
Fiend Kraken,77456781,,Unlimited,Unlimited,Fiend Kraken,https://yugipedia.com/wiki/Fiend_Kraken,,2023-08-24 19:15:22,New
Fish Depth Charge,58873391,"('Cost', 'Effect')",Unlimited,Not yet released,Fish Depth Charge,https://yugipedia.com/wiki/Fish_Depth_Charge,,2023-08-14 23:17:54,Old
Fish Depth Charge,58873391,"('Cost', 'Effect')",Unlimited,Unlimited,Fish Depth Charge,https://yugipedia.com/wiki/Fish_Depth_Charge,,2023-08-24 19:12:32,New
Floodgate Trap Hole,69599136,"('Activation condition', 'Effect')",Unlimited,Limited 3,Floodgate Trap Hole,https://yugipedia.com/wiki/Floodgate_Trap_Hole,,2023-08-24 18:49:37,New
Flyfang,11954712,"('Continuous Effect', 'Trigger Effect')",Unlimited,Not yet released,Flyfang,https://yugipedia.com/wiki/Flyfang,,2023-08-14 21:34:20,Old
Flyfang,11954712,"('Continuous Effect', 'Trigger Effect')",Unlimited,Unlimited,Flyfang,https://yugipedia.com/wiki/Flyfang,,2023-08-24 19:18:31,New
Galaxy Cyclone,05133471,"('Condition', 'Effect', 'Ignition-like Effect')",Unlimited,Unlimited,Galaxy Cyclone,https://yugipedia.com/wiki/Galaxy_Cyclone,,2023-04-08 22:41:59,New
Gear Golem the Moving Fortress,30190809,"('Ignition Effect',)",Unlimited,Not yet released,Gear Golem the Moving Fortress,https://yugipedia.com/wiki/Gear_Golem_the_Moving_Fortress,,2023-08-15 00:24:12,Old
Gear Golem the Moving Fortress,30190809,"('Ignition Effect',)",Unlimited,Unlimited,Gear Golem the Moving Fortress,https://yugipedia.com/wiki/Gear_Golem_the_Moving_Fortress,,2023-08-24 18:54:42,New
Gearfried the Red-Eyes Iron Knight,85651167,"('Ignition Effect', 'Trigger Effect')",Unlimited,Not yet released,Gearfried the Red-Eyes Iron Knight,https://yugipedia.com/wiki/Gearfried_the_Red-Eyes_Iron_Knight,,2023-08-15 02:48:34,Old
Gearfried the Red-Eyes Iron Knight,85651167,"('Ignition Effect', 'Trigger Effect')",Unlimited,Unlimited,Gearfried the Red-Eyes Iron Knight,https://yugipedia.com/wiki/Gearfried_the_Red-Eyes_Iron_Knight,,2023-08-25 14:35:57,New
Gift of the Martyr,98792570,"('Cost', 'Effect')",Unlimited,Not yet released,Gift of the Martyr,https://yugipedia.com/wiki/Gift_of_the_Martyr,"('Edited',)",2023-08-15 00:11:29,Old
Gift of the Martyr,98792570,"('Cost', 'Effect')",Unlimited,Unlimited,Gift of the Martyr,https://yugipedia.com/wiki/Gift_of_the_Martyr,"('Edited',)",2023-08-24 18:57:59,New
Giltia the D. Knight,51828629,,Unlimited,Not yet released,Giltia the D. Knight,https://yugipedia.com/wiki/Giltia_the_D._Knight,,2023-08-14 21:27:38,Old
Giltia the D. Knight,51828629,,Unlimited,Unlimited,Giltia the D. Knight,https://yugipedia.com/wiki/Giltia_the_D._Knight,,2023-08-24 19:21:09,New
Goblin Attack Force,78658564,"('Continuous Effect',)",Unlimited,Not yet released,Goblin Attack Force,https://yugipedia.com/wiki/Goblin_Attack_Force,,2023-08-15 02:50:00,Old
Goblin Attack Force,78658564,"('Continuous Effect',)",Unlimited,Unlimited,Goblin Attack Force,https://yugipedia.com/wiki/Goblin_Attack_Force,,2023-08-25 14:35:58,New
Gokibore,15367030,,Unlimited,Not yet released,Gokibore,https://yugipedia.com/wiki/Gokibore,,2023-08-14 23:35:30,Old
Gokibore,15367030,,Unlimited,Unlimited,Gokibore,https://yugipedia.com/wiki/Gokibore,,2023-08-24 19:08:16,New
Golgoil,07526150,,Not yet released,Not yet released,Golgoil,https://yugipedia.com/wiki/Golgoil,,2023-08-17 05:03:41,Old
Golgoil,07526150,,Unlimited,Unlimited,Golgoil,https://yugipedia.com/wiki/Golgoil,,2023-08-24 18:59:03,New
Hieratic Chant,,,Illegal,Legal,Hieratic Chant,https://yugipedia.com/wiki/Hieratic_Chant,,2023-06-19 15:03:03,Old
Howling Insect,93107608,"('Trigger Effect',)",Unlimited,Not yet released,Howling Insect,https://yugipedia.com/wiki/Howling_Insect,,2023-08-14 23:28:30,Old
Howling Insect,93107608,"('Trigger Effect',)",Unlimited,Unlimited,Howling Insect,https://yugipedia.com/wiki/Howling_Insect,,2023-08-24 19:09:07,New
Humanoid Slime,46821314,,Unlimited,Not yet released,Humanoid Slime,https://yugipedia.com/wiki/Humanoid_Slime,,2023-08-15 02:01:32,Old
Humanoid Slime,46821314,,Unlimited,Unlimited,Humanoid Slime,https://yugipedia.com/wiki/Humanoid_Slime,,2023-08-24 18:32:22,New
Humanoid Worm Drake,05600127,,Unlimited,Not yet released,Humanoid Worm Drake,https://yugipedia.com/wiki/Humanoid_Worm_Drake,,2023-08-15 02:39:29,Old
Humanoid Worm Drake,05600127,,Unlimited,Unlimited,Humanoid Worm Drake,https://yugipedia.com/wiki/Humanoid_Worm_Drake,,2023-08-24 18:23:17,New
Infinite Cards,94163677,"('Continuous-like Effect',)",Unlimited,Not yet released,Infinite Cards,https://yugipedia.com/wiki/Infinite_Cards,,2023-08-15 02:31:51,Old
Infinite Cards,94163677,"('Continuous-like Effect',)",Unlimited,Unlimited,Infinite Cards,https://yugipedia.com/wiki/Infinite_Cards,,2023-08-24 18:27:12,New
Insect Barrier,23615409,"('Continuous-like Effect',)",Unlimited,Not yet released,Insect Barrier,https://yugipedia.com/wiki/Insect_Barrier,,2023-08-14 23:41:29,Old
Insect Barrier,23615409,"('Continuous-like Effect',)",Unlimited,Unlimited,Insect Barrier,https://yugipedia.com/wiki/Insect_Barrier,,2023-08-24 19:06:29,New
Jam Breeding Machine,21770260,"('Continuous-like Effect', 'Trigger Effect')",Unlimited,Not yet released,Jam Breeding Machine,https://yugipedia.com/wiki/Jam_Breeding_Machine,,2023-08-15 02:28:36,Old
Jam Breeding Machine,21770260,"('Continuous-like Effect', 'Trigger Effect')",Unlimited,Unlimited,Jam Breeding Machine,https://yugipedia.com/wiki/Jam_Breeding_Machine,,2023-08-24 18:28:32,New
Jam Defender,21558682,"('Trigger Effect',)",Unlimited,Not yet released,Jam Defender,https://yugipedia.com/wiki/Jam_Defender,,2023-08-15 02:36:23,Old
Jam Defender,21558682,"('Trigger Effect',)",Unlimited,Unlimited,Jam Defender,https://yugipedia.com/wiki/Jam_Defender,,2023-08-24 18:24:53,New
Jinzo - Lord,35803249,"('Continuous Effect', 'Ignition Effect', 'Summoning condition')",Unlimited,Not yet released,Jinzo - Lord,https://yugipedia.com/wiki/Jinzo_-_Lord,,2023-08-14 23:52:18,Old
Jinzo - Lord,35803249,"('Continuous Effect', 'Ignition Effect', 'Summoning condition')",Unlimited,Unlimited,Jinzo - Lord,https://yugipedia.com/wiki/Jinzo_-_Lord,,2023-08-24 19:03:49,New
Jinzo - Returner,09418534,"('Continuous Effect', 'Trigger Effect')",Unlimited,Not yet released,Jinzo - Returner,https://yugipedia.com/wiki/Jinzo_-_Returner,,2023-08-14 23:53:33,Old
Jinzo - Returner,09418534,"('Continuous Effect', 'Trigger Effect')",Unlimited,Unlimited,Jinzo - Returner,https://yugipedia.com/wiki/Jinzo_-_Returner,,2023-08-24 19:03:45,New
Karbonala Warrior,54541900,,Unlimited,Not yet released,Karbonala Warrior,https://yugipedia.com/wiki/Karbonala_Warrior,,2023-08-14 21:25:09,Old
Karbonala Warrior,54541900,,Unlimited,Unlimited,Karbonala Warrior,https://yugipedia.com/wiki/Karbonala_Warrior,,2023-08-24 19:21:15,New
Last Day of Witch,90330453,"('Effect',)",Unlimited,Not yet released,Last Day of Witch,https://yugipedia.com/wiki/Last_Day_of_Witch,"('Edited',)",2023-08-15 03:02:36,Old
Last Day of Witch,90330453,"('Effect',)",Unlimited,Unlimited,Last Day of Witch,https://yugipedia.com/wiki/Last_Day_of_Witch,"('Edited',)",2023-08-25 14:36:17,New
Ledger of Legerdemain,56256517,"('Condition', 'Effect', 'Lingering effect')",Unlimited,Not yet released,Ledger of Legerdemain,https://yugipedia.com/wiki/Ledger_of_Legerdemain,,2023-08-15 00:33:49,Old
Ledger of Legerdemain,56256517,"('Condition', 'Effect', 'Lingering effect')",Unlimited,Unlimited,Ledger of Legerdemain,https://yugipedia.com/wiki/Ledger_of_Legerdemain,,2023-08-24 18:51:49,New
Magical Arm Shield,96008713,"('Activation condition', 'Effect')",Unlimited,Not yet released,Magical Arm Shield,https://yugipedia.com/wiki/Magical_Arm_Shield,,2023-08-15 03:07:57,Old
Magical Arm Shield,96008713,"('Activation condition', 'Effect')",Unlimited,Unlimited,Magical Arm Shield,https://yugipedia.com/wiki/Magical_Arm_Shield,,2023-08-25 14:35:47,New
Magical Marionette,08034697,"('Continuous Effect', 'Ignition Effect')",Unlimited,Not yet released,Magical Marionette,https://yugipedia.com/wiki/Magical_Marionette,,2023-08-15 02:51:54,Old
Magical Marionette,08034697,"('Continuous Effect', 'Ignition Effect')",Unlimited,Unlimited,Magical Marionette,https://yugipedia.com/wiki/Magical_Marionette,,2023-08-25 14:35:55,New
Magical Reflect Slime,03918345,"('Condition', 'Continuous Effect', 'Unclassified effect')",Unlimited,Not yet released,Magical Reflect Slime,https://yugipedia.com/wiki/Magical_Reflect_Slime,,2023-08-15 02:09:00,Old
Magical Reflect Slime,03918345,"('Condition', 'Continuous Effect', 'Unclassified effect')",Unlimited,Unlimited,Magical Reflect Slime,https://yugipedia.com/wiki/Magical_Reflect_Slime,,2023-08-24 18:30:46,New
Magnetic Mosquito,50074522,"('Flip effect',)",Unlimited,Not yet released,Magnetic Mosquito,https://yugipedia.com/wiki/Magnetic_Mosquito,,2023-08-14 23:25:39,Old
Magnetic Mosquito,50074522,"('Trigger Effect',)",Unlimited,Unlimited,Magnetic Mosquito,https://yugipedia.com/wiki/Magnetic_Mosquito,,2023-08-24 19:09:53,New
Maiden of Macabre,84055227,"('Continuous Effect', 'Trigger Effect')",Unlimited,Not yet released,Maiden of Macabre,https://yugipedia.com/wiki/Maiden_of_Macabre,,2023-08-15 02:51:03,Old
Maiden of Macabre,84055227,"('Continuous Effect', 'Trigger Effect')",Unlimited,Unlimited,Maiden of Macabre,https://yugipedia.com/wiki/Maiden_of_Macabre,,2023-08-25 14:35:55,New
Maiden of the Aqua,17214465,"('Continuous Effect',)",Unlimited,Not yet released,Maiden of the Aqua,https://yugipedia.com/wiki/Maiden_of_the_Aqua,,2023-08-14 21:41:09,Old
Maiden of the Aqua,17214465,"('Continuous Effect',)",Unlimited,Unlimited,Maiden of the Aqua,https://yugipedia.com/wiki/Maiden_of_the_Aqua,,2023-08-24 19:16:00,New
Malice Dispersion,13626450,"('Cost', 'Effect')",Unlimited,Not yet released,Malice Dispersion,https://yugipedia.com/wiki/Malice_Dispersion,,2023-08-14 20:54:04,Old
Malice Dispersion,13626450,"('Cost', 'Effect')",Unlimited,Unlimited,Malice Dispersion,https://yugipedia.com/wiki/Malice_Dispersion,,2023-08-24 19:32:00,New
Marauding Captain,02460565,"('Continuous Effect', 'Trigger Effect')",Unlimited,Not yet released,Marauding Captain,https://yugipedia.com/wiki/Marauding_Captain,,2023-08-14 21:03:27,Old
Marauding Captain,02460565,"('Continuous Effect', 'Trigger Effect')",Unlimited,Unlimited,Marauding Captain,https://yugipedia.com/wiki/Marauding_Captain,,2023-08-24 19:28:27,New
Mega Ton Magical Cannon,32062913,"('Cost', 'Effect')",Unlimited,Not yet released,Mega Ton Magical Cannon,https://yugipedia.com/wiki/Mega_Ton_Magical_Cannon,,2023-08-15 03:03:32,Old
Mega Ton Magical Cannon,32062913,"('Cost', 'Effect')",Unlimited,Unlimited,Mega Ton Magical Cannon,https://yugipedia.com/wiki/Mega_Ton_Magical_Cannon,,2023-08-25 14:36:19,New
"Mei-Kou, Master of Barriers",47731128,"('Ignition Effect',)",Unlimited,Not yet released,"Mei-Kou, Master of Barriers","https://yugipedia.com/wiki/Mei-Kou,_Master_of_Barriers",,2023-08-15 01:42:38,Old
"Mei-Kou, Master of Barriers",47731128,"('Ignition Effect',)",Unlimited,Unlimited,"Mei-Kou, Master of Barriers","https://yugipedia.com/wiki/Mei-Kou,_Master_of_Barriers",,2023-08-24 18:46:11,New
Miracle Restoring,68334074,"('Cost', 'Effect')",Unlimited,Not yet released,Miracle Restoring,https://yugipedia.com/wiki/Miracle_Restoring,,2023-08-14 20:58:09,Old
Miracle Restoring,68334074,"('Cost', 'Effect')",Unlimited,Unlimited,Miracle Restoring,https://yugipedia.com/wiki/Miracle_Restoring,,2023-08-24 19:30:38,New
Muka Muka,46657337,"('Continuous Effect',)",Unlimited,Not yet released,Muka Muka,https://yugipedia.com/wiki/Muka_Muka,,2023-08-15 02:05:41,Old
Muka Muka,46657337,"('Continuous Effect',)",Unlimited,Unlimited,Muka Muka,https://yugipedia.com/wiki/Muka_Muka,,2023-08-24 18:31:35,New
Multiplication of Ants,22493811,"('Condition', 'Cost', 'Effect')",Unlimited,Not yet released,Multiplication of Ants,https://yugipedia.com/wiki/Multiplication_of_Ants,,2023-08-14 23:39:30,Old
Multiplication of Ants,22493811,"('Cost', 'Effect')",Unlimited,Unlimited,Multiplication of Ants,https://yugipedia.com/wiki/Multiplication_of_Ants,,2023-08-24 19:07:45,New
Needle Sunfish,56223084,"('Trigger Effect',)",Unlimited,Not yet released,Needle Sunfish,https://yugipedia.com/wiki/Needle_Sunfish,,2023-08-14 21:36:42,Old
Needle Sunfish,56223084,"('Trigger Effect',)",Unlimited,Unlimited,Needle Sunfish,https://yugipedia.com/wiki/Needle_Sunfish,,2023-08-24 19:17:32,New
Old Vindictive Magician,45141844,"('Flip effect',)",Unlimited,Unlimited,Old Vindictive Magician,https://yugipedia.com/wiki/Old_Vindictive_Magician,,2023-08-14 20:52:27,Old
Old Vindictive Magician,45141844,"('Trigger Effect',)",Unlimited,Unlimited,Old Vindictive Magician,https://yugipedia.com/wiki/Old_Vindictive_Magician,,2023-08-24 19:32:17,New
Oyster Meister,83239739,"('Trigger Effect',)",Unlimited,Not yet released,Oyster Meister,https://yugipedia.com/wiki/Oyster_Meister,,2023-08-14 21:37:44,Old
Oyster Meister,83239739,"('Trigger Effect',)",Unlimited,Unlimited,Oyster Meister,https://yugipedia.com/wiki/Oyster_Meister,,2023-08-24 19:17:03,New
Paleozoic Eldonia,02376209,"('Condition', 'Effect', 'Quick-like Effect')",Unlimited,Not yet released,Paleozoic Eldonia,https://yugipedia.com/wiki/Paleozoic_Eldonia,,2023-08-14 23:19:07,Old
Paleozoic Eldonia,02376209,"('Condition', 'Effect', 'Quick-like Effect')",Unlimited,Unlimited,Paleozoic Eldonia,https://yugipedia.com/wiki/Paleozoic_Eldonia,,2023-08-24 19:12:09,New
Parasite Paracide,27911549,"('Continuous Effect', 'Trigger Effect')",Unlimited,Not yet released,Parasite Paracide,https://yugipedia.com/wiki/Parasite_Paracide,"('Edited',)",2023-08-14 23:22:49,Old
Parasite Paracide,27911549,"('Continuous Effect', 'Trigger Effect')",Unlimited,Unlimited,Parasite Paracide,https://yugipedia.com/wiki/Parasite_Paracide,"('Edited',)",2023-08-24 19:11:12,New
Piercing Moray,69846323,"('Continuous Effect', 'Ignition Effect')",Unlimited,Not yet released,Piercing Moray,https://yugipedia.com/wiki/Piercing_Moray,,2023-08-14 21:39:08,Old
Piercing Moray,69846323,"('Continuous Effect', 'Ignition Effect')",Unlimited,Unlimited,Piercing Moray,https://yugipedia.com/wiki/Piercing_Moray,,2023-08-25 07:18:41,New
Pineapple Blast,90669991,"('Activation condition', 'Effect')",Unlimited,Not yet released,Pineapple Blast,https://yugipedia.com/wiki/Pineapple_Blast,,2023-08-15 00:39:42,Old
Pineapple Blast,90669991,"('Activation condition', 'Effect')",Unlimited,Unlimited,Pineapple Blast,https://yugipedia.com/wiki/Pineapple_Blast,,2023-08-24 18:50:56,New
Pitch-Black Power Stone,34029630,"('Continuous-like Effect', 'Cost', 'Quick-like Effect')",Unlimited,Not yet released,Pitch-Black Power Stone,https://yugipedia.com/wiki/Pitch-Black_Power_Stone,,2023-08-14 20:59:02,Old
Pitch-Black Power Stone,34029630,"('Continuous-like Effect', 'Cost', 'Quick-like Effect')",Unlimited,Unlimited,Pitch-Black Power Stone,https://yugipedia.com/wiki/Pitch-Black_Power_Stone,,2023-08-24 19:30:10,New
Prickle Fairy,91559748,"('Continuous Effect', 'Trigger Effect')",Unlimited,Not yet released,Prickle Fairy,https://yugipedia.com/wiki/Prickle_Fairy,,2023-08-14 23:27:00,Old
Prickle Fairy,91559748,"('Continuous Effect', 'Trigger Effect')",Unlimited,Unlimited,Prickle Fairy,https://yugipedia.com/wiki/Prickle_Fairy,,2023-08-24 19:09:15,New
Pumprincess the Princess of Ghosts,17601919,"('Continuous-like Effect', 'Trigger Effect', 'Unclassified effect')",Unlimited,Not yet released,Pumprincess the Princess of Ghosts,https://yugipedia.com/wiki/Pumprincess_the_Princess_of_Ghosts,,2023-08-15 02:52:44,Old
Pumprincess the Princess of Ghosts,17601919,"('Continuous-like Effect', 'Trigger Effect', 'Unclassified effect')",Unlimited,Unlimited,Pumprincess the Princess of Ghosts,https://yugipedia.com/wiki/Pumprincess_the_Princess_of_Ghosts,,2023-08-25 14:35:53,New
Reactor Slime,79387392,"('Condition', 'Ignition Effect', 'Quick Effect')",Unlimited,Not yet released,Reactor Slime,https://yugipedia.com/wiki/Reactor_Slime,,2023-08-15 02:03:47,Old
Reactor Slime,79387392,"('Condition', 'Ignition Effect', 'Quick Effect')",Unlimited,Unlimited,Reactor Slime,https://yugipedia.com/wiki/Reactor_Slime,,2023-08-24 18:31:48,New
Red-Eyes Baby Dragon,58257569,"('Continuous-like Effect', 'Trigger Effect')",Unlimited,Not yet released,Red-Eyes Baby Dragon,https://yugipedia.com/wiki/Red-Eyes_Baby_Dragon,,2023-08-15 02:53:33,Old
Red-Eyes Baby Dragon,58257569,"('Continuous-like Effect', 'Trigger Effect')",Unlimited,Unlimited,Red-Eyes Baby Dragon,https://yugipedia.com/wiki/Red-Eyes_Baby_Dragon,,2023-08-25 14:36:13,New
Reflect Bounder,02851070,"('Trigger Effect',)",Unlimited,Not yet released,Reflect Bounder,https://yugipedia.com/wiki/Reflect_Bounder,,2023-08-14 23:56:37,Old
Reflect Bounder,02851070,"('Trigger Effect',)",Unlimited,Unlimited,Reflect Bounder,https://yugipedia.com/wiki/Reflect_Bounder,,2023-08-24 19:03:27,New
Resonance Insect,96938986,"('Trigger Effect',)",Unlimited,Not yet released,Resonance Insect,https://yugipedia.com/wiki/Resonance_Insect,,2023-08-14 23:29:18,Old
Resonance Insect,96938986,"('Trigger Effect',)",Unlimited,Unlimited,Resonance Insect,https://yugipedia.com/wiki/Resonance_Insect,,2023-08-24 19:08:47,New
Reversible Beetle,45702357,"('Condition', 'Flip effect', 'Trigger Effect')",Unlimited,Not yet released,Reversible Beetle,https://yugipedia.com/wiki/Reversible_Beetle,,2023-08-15 03:12:02,Old
Reversible Beetle,45702357,"('Condition', 'Flip effect', 'Trigger Effect')",Unlimited,Unlimited,Reversible Beetle,https://yugipedia.com/wiki/Reversible_Beetle,,2023-08-24 18:13:14,New
Revival Jam,31709826,"('Trigger Effect',)",Unlimited,Not yet released,Revival Jam,https://yugipedia.com/wiki/Revival_Jam,,2023-08-15 02:00:02,Old
Revival Jam,31709826,"('Trigger Effect',)",Unlimited,Unlimited,Revival Jam,https://yugipedia.com/wiki/Revival_Jam,,2023-08-24 18:33:59,New
Roulette Spider,36708764,"('Activation condition', 'Effect')",Unlimited,Not yet released,Roulette Spider,https://yugipedia.com/wiki/Roulette_Spider,,2023-08-14 21:11:10,Old
Roulette Spider,36708764,"('Activation condition', 'Effect')",Unlimited,Unlimited,Roulette Spider,https://yugipedia.com/wiki/Roulette_Spider,,2023-08-24 19:25:07,New
Salvage,96947648,"('Effect',)",Unlimited,Not yet released,Salvage,https://yugipedia.com/wiki/Salvage,,2023-08-14 21:47:59,Old
Salvage,96947648,"('Effect',)",Unlimited,Unlimited,Salvage,https://yugipedia.com/wiki/Salvage,,2023-08-24 19:14:24,New
Sealmaster Meisei,02468169,,Unlimited,Not yet released,Sealmaster Meisei,https://yugipedia.com/wiki/Sealmaster_Meisei,,2023-08-15 01:47:02,Old
Sealmaster Meisei,02468169,,Unlimited,Unlimited,Sealmaster Meisei,https://yugipedia.com/wiki/Sealmaster_Meisei,,2023-08-24 18:44:04,New
Skilled Dark Magician,73752131,"('Continuous Effect', 'Ignition Effect')",Unlimited,Not yet released,Skilled Dark Magician,https://yugipedia.com/wiki/Skilled_Dark_Magician,,2023-08-14 14:49:43,Old
Skilled Dark Magician,73752131,"('Continuous Effect', 'Ignition Effect')",Unlimited,Unlimited,Skilled Dark Magician,https://yugipedia.com/wiki/Skilled_Dark_Magician,,2023-08-24 19:36:27,New
Solemn Wishes,35346968,"('Continuous-like Effect',)",Unlimited,Not yet released,Solemn Wishes,https://yugipedia.com/wiki/Solemn_Wishes,,2023-08-15 02:37:42,Old
Solemn Wishes,35346968,"('Continuous-like Effect',)",Unlimited,Unlimited,Solemn Wishes,https://yugipedia.com/wiki/Solemn_Wishes,,2023-08-24 18:24:41,New
Summoned Skull,70781052,,Unlimited,Not yet released,Summoned Skull,https://yugipedia.com/wiki/Summoned_Skull,"('Alternate',)",2023-08-15 02:44:10,Old
Summoned Skull,70781052,,Unlimited,Unlimited,Summoned Skull,https://yugipedia.com/wiki/Summoned_Skull,"('Alternate',)",2023-08-24 18:19:50,New
Talisman of Spell Sealing,71983925,"('Activation condition', 'Continuous-like Effect')",Unlimited,Not yet released,Talisman of Spell Sealing,https://yugipedia.com/wiki/Talisman_of_Spell_Sealing,,2023-08-15 01:55:33,Old
Talisman of Spell Sealing,71983925,"('Activation condition', 'Continuous-like Effect')",Unlimited,Unlimited,Talisman of Spell Sealing,https://yugipedia.com/wiki/Talisman_of_Spell_Sealing,,2023-08-24 18:39:55,New
Talisman of Trap Sealing,19312169,"('Activation condition', 'Continuous-like Effect')",Unlimited,Not yet released,Talisman of Trap Sealing,https://yugipedia.com/wiki/Talisman_of_Trap_Sealing,,2023-08-15 01:49:41,Old
Talisman of Trap Sealing,19312169,"('Activation condition', 'Continuous-like Effect')",Unlimited,Unlimited,Talisman of Trap Sealing,https://yugipedia.com/wiki/Talisman_of_Trap_Sealing,,2023-08-24 18:41:40,New
The Forceful Checkpoint,94861297,"('Activation condition', 'Effect')",Unlimited,Unlimited,The Forceful Checkpoint,https://yugipedia.com/wiki/The_Forceful_Checkpoint,,2023-08-24 18:49:41,New
Token Stampede,14342283,"('Continuous-like Effect',)",Unlimited,Not yet released,Token Stampede,https://yugipedia.com/wiki/Token_Stampede,,2023-08-15 02:38:38,Old
Token Stampede,14342283,"('Continuous-like Effect',)",Unlimited,Unlimited,Token Stampede,https://yugipedia.com/wiki/Token_Stampede,,2023-08-24 18:23:31,New
Token Sundae,52971673,"('Effect',)",Unlimited,Not yet released,Token Sundae,https://yugipedia.com/wiki/Token_Sundae,"('Edited',)",2023-08-15 02:33:44,Old
Token Sundae,52971673,"('Effect',)",Unlimited,Unlimited,Token Sundae,https://yugipedia.com/wiki/Token_Sundae,"('Edited',)",2023-08-24 18:26:49,New
Tornado Wall,18605135,"('Activation condition', 'Continuous-like Effect')",Unlimited,Not yet released,Tornado Wall,https://yugipedia.com/wiki/Tornado_Wall,,2023-08-14 23:16:46,Old
Tornado Wall,18605135,"('Activation condition', 'Continuous-like Effect')",Unlimited,Unlimited,Tornado Wall,https://yugipedia.com/wiki/Tornado_Wall,,2023-08-24 19:13:14,New
Voltic Kong,93151201,"('Trigger Effect',)",Unlimited,Not yet released,Voltic Kong,https://yugipedia.com/wiki/Voltic_Kong,,2023-08-15 00:25:19,Old
Voltic Kong,93151201,"('Trigger Effect',)",Unlimited,Unlimited,Voltic Kong,https://yugipedia.com/wiki/Voltic_Kong,,2023-08-24 18:54:15,New
Warrior of Atlantis,43797906,"('Ignition Effect',)",Unlimited,Not yet released,Warrior of Atlantis,https://yugipedia.com/wiki/Warrior_of_Atlantis,,2023-08-15 02:56:40,Old
Warrior of Atlantis,43797906,"('Ignition Effect',)",Unlimited,Unlimited,Warrior of Atlantis,https://yugipedia.com/wiki/Warrior_of_Atlantis,,2023-08-25 14:36:11,New
Worm Drake,73216412,,Unlimited,Not yet released,Worm Drake,https://yugipedia.com/wiki/Worm_Drake,,2023-08-15 02:02:44,Old
Worm Drake,73216412,,Unlimited,Unlimited,Worm Drake,https://yugipedia.com/wiki/Worm_Drake,,2023-08-24 18:32:05,New
Zera Ritual,81756897,"('Effect',)",Unlimited,Not yet released,Zera Ritual,https://yugipedia.com/wiki/Zera_Ritual,,2023-08-15 03:04:43,Old
Zera Ritual,81756897,"('Effect',)",Unlimited,Unlimited,Zera Ritual,https://yugipedia.com/wiki/Zera_Ritual,,2023-08-25 14:35:48,New
Zera the Mant,69123138,,Unlimited,Not yet released,Zera the Mant,https://yugipedia.com/wiki/Zera_the_Mant,,2023-08-15 02:58:26,Old
Zera the Mant,69123138,,Unlimited,Unlimited,Zera the Mant,https://yugipedia.com/wiki/Zera_the_Mant,,2023-08-25 14:35:52,New
